馬季,賽事編號,名次,馬號,馬名,騎師,練馬師,實際負磅,排位檔位,獨贏賠率,距離,場地,horse_surface_win_rate,horse_dist_win_rate
26/27,20260923-01,,4,紅磚戰士,周俊樂 (-2),游達榮,131,1,4.5,1650,草地,0.08,0.08
26/27,20260923-01,,11,東方魅影,潘頓,大衛希斯,119,3,3.8,1650,草地,0.08,0.08
26/27,20260923-01,,10,威威父子,田泰安,巫偉傑,120,7,13,1650,草地,0.08,0.08
26/27,20260923-01,,6,開心三多,希威森,桂福特,128,11,11,1650,草地,0.08,0.08
26/27,20260923-01,,3,神駒馬靈,霍宏聲,廖康銘,132,4,4.8,1650,草地,0.08,0.08
26/27,20260923-01,,1,堅多福,何澤堯,方嘉柏,135,12,18,1650,草地,0.08,0.08
26/27,20260923-01,,12,幸運同行,艾兆禮,蔡約翰,118,9,52,1650,草地,0.08,0.08
26/27,20260923-01,,7,?路達飛,楊明綸,蘇偉賢,127,6,114,1650,草地,0.08,0.08
26/27,20260923-01,,8,電訊驕陽,袁幸堯 (-10),徐雨石,125,8,5.8,1650,草地,0.08,0.08
26/27,20260923-01,,9,至高心得,梁家俊,韋達,123,2,16,1650,草地,0.08,0.08
26/27,20260923-01,,5,極速滿貫,奧爾民,黎昭昇,130,10,29,1650,草地,0.08,0.08
26/27,20260923-01,,2,一風雲,金誠剛,丁冠豪,134,5,77,1650,草地,0.08,0.08
26/27,20260923-02,,1,紅愛舍,楊明綸,韋達,135,12,25,1200,草地,0.08,0.08
26/27,20260923-02,,2,銳喜,蔡明紹,徐雨石,134,2,56,1200,草地,0.08,0.08
26/27,20260923-02,,3,路路勁,田泰安,羅富全,132,8,8.9,1200,草地,0.08,0.08
26/27,20260923-02,,4,馬馳登,艾兆禮,黎昭昇,132,7,4.5,1200,草地,0.08,0.08
26/27,20260923-02,,5,飛輪霸,潘明輝,姚本輝,130,11,16,1200,草地,0.08,0.08
26/27,20260923-02,,6,金珀尖子,金誠剛,大衛希斯,128,6,110,1200,草地,0.08,0.08
26/27,20260923-02,,7,銀刺勇士,黃智弘 (-3),方嘉柏,128,1,9.5,1200,草地,0.08,0.08
26/27,20260923-02,,8,鄉村威龍,艾道拿,蔡約翰,127,10,12,1200,草地,0.08,0.08
26/27,20260923-02,,9,開心五月,鍾易禮 (-2),告東尼,123,4,3.1,1200,草地,0.08,0.08
26/27,20260923-02,,10,比特星,潘頓,賀賢,119,5,6.2,1200,草地,0.08,0.08
26/27,20260923-02,,11,有盈勇士,希威森,沈集成,118,9,20,1200,草地,0.08,0.08
26/27,20260923-02,,12,首駿,班德禮,游達榮,118,3,29,1200,草地,0.08,0.08
26/27,20260923-03,,1,星願無限,希威森,沈集成,135,11,26,1650,草地,0.08,0.08
26/27,20260923-03,,2,贏玥,潘頓,巫偉傑,132,7,4.4,1650,草地,0.08,0.08
26/27,20260923-03,,3,彩虹七色,何澤堯,呂健威,130,5,25,1650,草地,0.08,0.08
26/27,20260923-03,,4,睿智多寶,艾道拿,黎昭昇,129,6,11,1650,草地,0.08,0.08
26/27,20260923-03,,5,凝妙星,奧爾民,大衛希斯,128,3,3.5,1650,草地,0.08,0.08
26/27,20260923-03,,6,領航天子,霍宏聲,廖康銘,128,10,14,1650,草地,0.08,0.08
26/27,20260923-03,,7,有情有義,黃智弘 (-3),方嘉柏,127,4,11,1650,草地,0.08,0.08
26/27,20260923-03,,8,蹺妙,周俊樂 (-2),游達榮,124,2,5.3,1650,草地,0.08,0.08
26/27,20260923-03,,9,越駿齊歡,梁家俊,羅富全,124,1,10,1650,草地,0.08,0.08
26/27,20260923-03,,10,加州活力,艾兆禮,告東尼,131,8,23,1650,草地,0.08,0.08
26/27,20260923-03,,11,光明傳承,班德禮,葉楚航,119,9,51,1650,草地,0.08,0.08
26/27,20260923-03,,12,得意佳作,田泰安,姚本輝,118,12,20,1650,草地,0.08,0.08
26/27,20260923-04,,3,應龍飛影,袁幸堯 (-10),伍鵬志,132,6,0,1200,草地,0.08,0.08
26/27,20260923-04,,7,震撼人心,艾兆禮,蔡約翰,129,12,0,1200,草地,0.08,0.08
26/27,20260923-04,,4,星辰千帥,艾道拿,賀賢,131,7,7.5,1200,草地,0.08,0.08
26/27,20260923-04,,6,快樂神駒,潘頓,廖康銘,129,2,1.8,1200,草地,0.08,0.08
26/27,20260923-04,,1,沙井之友,周俊樂 (-2),巫偉傑,135,8,6.2,1200,草地,0.08,0.08
26/27,20260923-04,,9,將傲,奧爾民,韋達,126,4,7.5,1200,草地,0.08,0.08
26/27,20260923-04,,5,莊家班,黃智弘 (-3),沈集成,130,3,30,1200,草地,0.08,0.08
26/27,20260923-04,,12,三強,楊明綸,鄭俊偉,120,11,35,1200,草地,0.08,0.08
26/27,20260923-04,,11,焦點,田泰安,游達榮,121,1,11,1200,草地,0.08,0.08
26/27,20260923-04,,8,禪勝閃亮,希威森,呂健威,128,5,22,1200,草地,0.08,0.08
26/27,20260923-04,,2,智勝一籌,蔡明紹,蘇偉賢,135,10,25,1200,草地,0.08,0.08
26/27,20260923-04,,10,平天雄,潘明輝,丁冠豪,123,9,46,1200,草地,0.08,0.08
26/27,20260923-05,,1,本領非凡,何澤堯,羅富全,135,9,11,1650,草地,0.08,0.08
26/27,20260923-05,,2,大文豪,奧爾民,姚本輝,133,5,17,1650,草地,0.08,0.08
26/27,20260923-05,,3,大學生,金誠剛,韋達,128,1,9.9,1650,草地,0.08,0.08
26/27,20260923-05,,4,赤風驪,霍宏聲,方嘉柏,128,2,14,1650,草地,0.08,0.08
26/27,20260923-05,,5,創科群英,周俊樂 (-2),游達榮,126,3,4,1650,草地,0.08,0.08
26/27,20260923-05,,6,越駿聯歡,梁家俊,黎昭昇,124,6,6.6,1650,草地,0.08,0.08
26/27,20260923-05,,7,滿洛城,班德禮,大衛希斯,123,7,8.9,1650,草地,0.08,0.08
26/27,20260923-05,,8,金駒永騰,黃智弘 (-3),伍鵬志,123,12,7.3,1650,草地,0.08,0.08
26/27,20260923-05,,9,爆竹,田泰安,告東尼,122,11,6.8,1650,草地,0.08,0.08
26/27,20260923-05,,10,揀馬之皇,潘明輝,賀賢,120,8,28,1650,草地,0.08,0.08
26/27,20260923-05,,11,健康小馬,楊明綸,鄭俊偉,118,4,65,1650,草地,0.08,0.08
26/27,20260923-05,,12,同心,蔡明紹,呂健威,117,10,13,1650,草地,0.08,0.08
26/27,20260923-06,,1,福進,何澤堯,方嘉柏,135,6,3.2,1000,草地,0.08,0.08
26/27,20260923-06,,2,友駿同心,梁家俊,蘇偉賢,133,4,52,1000,草地,0.08,0.08
26/27,20260923-06,,3,藍地球,奧爾民,伍鵬志,131,8,25,1000,草地,0.08,0.08
26/27,20260923-06,,4,巴閉王,周俊樂 (-2),呂健威,131,3,3,1000,草地,0.08,0.08
26/27,20260923-06,,5,佐治傳奇,艾兆禮,告東尼,128,12,8.5,1000,草地,0.08,0.08
26/27,20260923-06,,6,升升雙息,潘明輝,沈集成,126,10,27,1000,草地,0.08,0.08
26/27,20260923-06,,7,雙劍合璧,班德禮,大衛希斯,126,2,47,1000,草地,0.08,0.08
26/27,20260923-06,,8,螢影飛馳,袁幸堯 (-10),徐雨石,124,11,42,1000,草地,0.08,0.08
26/27,20260923-06,,9,天火同人,黃寶妮 (-7),韋達,123,7,13,1000,草地,0.08,0.08
26/27,20260923-06,,10,領航多財,巫顯東 (-2),鄭俊偉,122,5,66,1000,草地,0.08,0.08
26/27,20260923-06,,11,萬眾開心,蔡明紹,黎昭昇,120,9,18,1000,草地,0.08,0.08
26/27,20260923-06,,12,馬運高,田泰安,文家良,118,1,6.1,1000,草地,0.08,0.08
26/27,20260923-07,,1,東來欣賞,周俊樂 (-2),告東尼,134,4,4.8,1200,草地,0.08,0.08
26/27,20260923-07,,2,乘數表,艾道拿,羅富全,134,3,11,1200,草地,0.08,0.08
26/27,20260923-07,,3,天星,潘頓,大衛希斯,133,10,7.1,1200,草地,0.08,0.08
26/27,20260923-07,,4,競駿皇者,霍宏聲,游達榮,131,12,17,1200,草地,0.08,0.08
26/27,20260923-07,,5,傲聖,潘明輝,賀賢,129,5,36,1200,草地,0.08,0.08
26/27,20260923-07,,6,電源之駒,梁家俊,廖康銘,127,7,18,1200,草地,0.08,0.08
26/27,20260923-07,,7,加州本事,蔡明紹,巫偉傑,124,11,18,1200,草地,0.08,0.08
26/27,20260923-07,,8,首飾悟空,艾兆禮,蔡約翰,124,2,4,1200,草地,0.08,0.08
26/27,20260923-07,,9,安康萬里,班德禮,呂健威,123,1,15,1200,草地,0.08,0.08
26/27,20260923-07,,10,正極,黃智弘 (-3),沈集成,122,8,29,1200,草地,0.08,0.08
26/27,20260923-07,,11,盈妍威楓,袁幸堯 (-10),伍鵬志,121,9,16,1200,草地,0.08,0.08
26/27,20260923-07,,12,丞匡掠影,鍾易禮 (-2),徐雨石,120,6,4.7,1200,草地,0.08,0.08
26/27,20260923-08,,1,人和家興,霍宏聲,大衛希斯,135,2,17,1200,草地,0.08,0.08
26/27,20260923-08,,2,團結勇士,梁家俊,鄭俊偉,135,8,18,1200,草地,0.08,0.08
26/27,20260923-08,,3,富心星,何澤堯,方嘉柏,129,4,14,1200,草地,0.08,0.08
26/27,20260923-08,,4,久久為昇,奧爾民,賀賢,129,1,4.6,1200,草地,0.08,0.08
26/27,20260923-08,,5,飛馬座,周俊樂 (-2),徐雨石,127,11,38,1200,草地,0.08,0.08
26/27,20260923-08,,6,富國兄弟,田泰安,葉楚航,126,7,19,1200,草地,0.08,0.08
26/27,20260923-08,,7,勇霸龍,艾道拿,黎昭昇,123,6,31,1200,草地,0.08,0.08
26/27,20260923-08,,8,繼往開來,艾兆禮,文家良,122,5,2.7,1200,草地,0.08,0.08
26/27,20260923-08,,9,蓮冠皇,希威森,廖康銘,122,9,15,1200,草地,0.08,0.08
26/27,20260923-08,,10,喵喵怪,袁幸堯 (-10),巫偉傑,122,12,22,1200,草地,0.08,0.08
26/27,20260923-08,,11,驕陽雄心,黃智弘 (-3),沈集成,121,3,4.7,1200,草地,0.08,0.08
26/27,20260923-08,,12,亞機拉,鍾易禮 (-2),告東尼,120,10,43,1200,草地,0.08,0.08
26/27,20260923-09,,1,嘉應傳承,艾兆禮,伍鵬志,135,1,14,1800,草地,0.08,0.08
26/27,20260923-09,,2,紫荊傳令,潘頓,游達榮,135,5,4.4,1800,草地,0.08,0.08
26/27,20260923-09,,3,凌登,奧爾民,沈集成,135,7,14,1800,草地,0.08,0.08
26/27,20260923-09,,4,平凡騎士,霍宏聲,方嘉柏,132,3,10,1800,草地,0.08,0.08
26/27,20260923-09,,5,好實力,周俊樂 (-2),呂健威,131,12,24,1800,草地,0.08,0.08
26/27,20260923-09,,6,將義,何澤堯,巫偉傑,126,8,11,1800,草地,0.08,0.08
26/27,20260923-09,,7,浪漫鬥士,黃智弘 (-3),沈集成,126,2,22,1800,草地,0.08,0.08
26/27,20260923-09,,8,豐辰,田泰安,徐雨石,126,9,11,1800,草地,0.08,0.08
26/27,20260923-09,,9,中國心,楊明綸,大衛希斯,125,11,12,1800,草地,0.08,0.08
26/27,20260923-09,,10,風將,蔡明紹,告東尼,122,10,3.1,1800,草地,0.08,0.08
26/27,20260923-09,,11,瑪瑙,潘明輝,羅富全,119,4,34,1800,草地,0.08,0.08
26/27,20260923-09,,12,財富非凡,班德禮,巫偉傑,117,6,16,1800,草地,0.08,0.08
